	precision	recall	f1-score	support
BD	0.7399650959860384	0.8907563025210085	0.8083889418493805	476.0
D	0.7800829875518672	0.6143790849673203	0.6873857404021938	306.0
HUS	1.0	0.08571428571428572	0.15789473684210528	35.0
accuracy	0.7527539779681762	0.7527539779681762	0.7527539779681762	0.7527539779681762
macro avg	0.8400160278459685	0.5302832244008714	0.5512231396978932	817.0
weighted avg	0.7661306975278159	0.7527539779681762	0.7352013325249082	817.0
